{
    "sobres": {
        "uva":{
            "frutas":[
                "/img/frutas/uva1.png",
                "/img/frutas/uva2.png",
                "/img/frutas/uva3.png"
            ],
            "frutas_pos":[[80,0],[0,80],[95,95]],
            "frutas_transform":[[-50,-15],[-30,-50],[-50,-50]],
            "receta_home":[
                "/img/recetas_home/uva2.png",
                "/img/recetas_home/uva3.png",
                "/img/recetas_home/uva4.png"
            ],
            "receta_home_pos":[[25,30],[27,65],[60,55]],
            "receta_home_transform":[[-50,-50],[-50,-50],[-50,-50]],
            "frutas_receta":[
                "/img/frutas_receta/uva1.png",
                "/img/frutas_receta/uva2.png",
                "/img/frutas_receta/uva3.png"
            ],
            "frutas_receta_pos":[[10,10],[10,10],[10,10]],
            "frutas_receta_transform":[[0,0],[0,0],[0,0]]
        },
        "melon":{
            "frutas":[
                "/img/frutas/melon1.png",
                "/img/frutas/melon2.png",
                "/img/frutas/melon3.png"
            ],
            "frutas_pos":[[90,5],[0,85],[105,95]],
            "frutas_transform":[[-50,-50],[-50,-50],[-50,-50]],
            "receta_home":[
                "/img/recetas_home/melon2.png",
                "/img/recetas_home/melon3.png"
            ],
            "receta_home_pos":[[80,10],[20,50],[10,95]],
            "receta_home_transform":[[-50,-50],[-50,-50],[-50,-50]],
            "frutas_receta":[
                "/img/frutas_receta/melon1.png",
                "/img/frutas_receta/melon2.png",
                "/img/frutas_receta/melon3.png"
            ],
            "frutas_receta_pos":[[10,10],[10,10],[10,10]],
            "frutas_receta_transform":[[0,0],[0,0],[0,0]]
        },
        "naranja":{
            "frutas":[
                "/img/frutas/naranja1.png",
                "/img/frutas/naranja2.png",
                "/img/frutas/naranja3.png"
            ],
            "frutas_pos":[[80,0],[10,90],[95,90]],
            "frutas_transform":[[-50,-50],[-50,-50],[-50,-50]],
            "receta_home":[
                "/img/recetas_home/naranja2.png",
                "/img/recetas_home/naranja3.png",
                "/img/recetas_home/naranja4.png"
            ],
            "receta_home_pos":[[30,0],[80,20],[50,80]],
            "receta_home_transform":[[-50,-50],[-50,-50],[-50,-50]],
            "frutas_receta":[
                "/img/frutas_receta/naranja1.png",
                "/img/frutas_receta/naranja2.png",
                "/img/frutas_receta/naranja3.png"
            ],
            "frutas_receta_pos":[[10,10],[10,10],[10,10]],
            "frutas_receta_transform":[[0,0],[0,0],[0,0]]
        },
        "mandarina":{
            "frutas":[
                "/img/frutas/mandarina1.png",
                "/img/frutas/mandarina2.png",
                "/img/frutas/mandarina3.png"
            ],
            "frutas_pos":[[75,2],[5,83],[100,95]],
            "frutas_transform":[[-50,-50],[-50,-50],[-50,-50]],
            "receta_home":[
                "/img/recetas_home/mandarina2.png",
                "/img/recetas_home/mandarina3.png",
                "/img/recetas_home/mandarina4.png"
            ],
            "receta_home_pos":[[80,5],[10,10],[55,80]],
            "receta_home_transform":[[-50,-100],[-50,-50],[-50,-50]],
            "frutas_receta":[
                "/img/frutas_receta/mandarina1.png",
                "/img/frutas_receta/mandarina2.png",
                "/img/frutas_receta/mandarina3.png"
            ],
            "frutas_receta_pos":[[10,10],[10,10],[10,10]],
            "frutas_receta_transform":[[0,0],[0,0],[0,0]]
        },
        "mango":{
            "frutas":[
                "/img/frutas/mango1.png",
                "/img/frutas/mango2.png",
                "/img/frutas/mango3.png"
            ],
            "frutas_pos":[[60,0],[5,85],[90,100]],
            "frutas_transform":[[-50,-50],[-50,-50],[-50,-50]],
            "receta_home":[
                "/img/recetas_home/mango2.png",
                "/img/recetas_home/mango3.png",
                "/img/recetas_home/mango4.png"
            ],
            "receta_home_pos":[[80,10],[20,50],[55,55]],
            "receta_home_transform":[[-50,-50],[-50,-50],[-50,-50]],
            "frutas_receta":[
                "/img/frutas_receta/mango1.png",
                "/img/frutas_receta/mango2.png",
                "/img/frutas_receta/mango3.png"
            ],
            "frutas_receta_pos":[[10,10],[10,10],[10,10]],
            "frutas_receta_transform":[[0,0],[0,0],[0,0]]
        },
        "durazno":{
            "frutas":[
                "/img/frutas/durazno1.png",
                "/img/frutas/durazno2.png",
                "/img/frutas/durazno3.png"
            ],
            "frutas_pos":[[90,0],[0,90],[130,85]],
            "frutas_transform":[[-50,-65],[-60,-50],[-50,-50]],
            "receta_home":[
                "/img/recetas_home/durazno2.png",
                "/img/recetas_home/durazno3.png",
                "/img/recetas_home/durazno4.png"
            ],
            "receta_home_pos":[[80,10],[20,50],[10,95]],
            "receta_home_transform":[[-50,-65],[-60,-50],[-50,-50]],
            "frutas_receta":[
                "/img/frutas_receta/durazno1.png",
                "/img/frutas_receta/durazno2.png",
                "/img/frutas_receta/durazno3.png"
            ],
            "frutas_receta_pos":[[10,10],[10,10],[10,10]],
            "frutas_receta_transform":[[0,0],[0,0],[0,0]]
        },
        "limon":{
            "frutas":[
                "/img/frutas/limon1.png",
                "/img/frutas/limon2.png",
                "/img/frutas/limon3.png"
            ],
            "frutas_pos":[[90,0],[-1,80],[100,95]],
            "frutas_transform":[[-50,-50],[-50,-50],[-50,-50]],
            "receta_home":[
                "/img/recetas_home/limon2.png",
                "/img/recetas_home/limon3.png",
                "/img/recetas_home/limon4.png"
            ],
            "receta_home_pos":[[10,50],[65,70],[15,95]],
            "receta_home_transform":[[-50,-50],[-50,-50],[-50,-50]],
            "frutas_receta":[
                "/img/frutas_receta/limon1.png",
                "/img/frutas_receta/limon2.png",
                "/img/frutas_receta/limon3.png"
            ],
            "frutas_receta_pos":[[10,10],[10,10],[10,10]],
            "frutas_receta_transform":[[0,0],[0,0],[0,0]]
        },
        "guayaba":{
            "frutas":[
                "/img/frutas/guayaba1.png",
                "/img/frutas/guayaba2.png",
                "/img/frutas/guayaba3.png"
            ],
            "frutas_pos":[[85,3],[5,80],[100,85]],
            "frutas_transform":[[-50,-65],[-60,-50],[-50,-50]],
            "receta_home":[
                "/img/recetas_home/guayaba2.png",
                "/img/recetas_home/guayaba3.png",
                "/img/recetas_home/guayaba4.png"
            ],
            "receta_home_pos":[[80,5],[12,20],[80,36]],
            "receta_home_transform":[[-50,-65],[-60,-50],[-50,-50]],
            "frutas_receta":[
                "/img/frutas_receta/guayaba1.png",
                "/img/frutas_receta/guayaba2.png",
                "/img/frutas_receta/guayaba3.png"
            ],
            "frutas_receta_pos":[[10,10],[10,10],[10,10]],
            "frutas_receta_transform":[[0,0],[0,0],[0,0]]
        },
        "tamarindo":{
            "frutas":[
                "/img/frutas/tamarindo1.png",
                "/img/frutas/tamarindo2.png",
                "/img/frutas/tamarindo3.png"
            ],
            "frutas_pos":[[60,5],[15,90],[100,85]],
            "frutas_transform":[[-50,-50],[-60,-50],[-50,-50]],
            "receta_home":[
                "/img/recetas_home/tamarindo2.png",
                "/img/recetas_home/tamarindo3.png"
            ],
            "receta_home_pos":[[25,60],[90,80],[10,95]],
            "receta_home_transform":[[-50,-50],[-50,-50],[-50,-50]],
            "frutas_receta":[
                "/img/frutas_receta/tamarindo1.png",
                "/img/frutas_receta/tamarindo2.png",
                "/img/frutas_receta/tamarindo3.png"
            ],
            "frutas_receta_pos":[[10,10],[10,10],[10,10]],
            "frutas_receta_transform":[[0,0],[0,0],[0,0]]
        },
        "fresa":{
            "frutas":[
                "/img/frutas/fresa1.png",
                "/img/frutas/fresa2.png",
                "/img/frutas/fresa3.png"
            ],
            "frutas_pos":[[90,10],[10,80],[100,100]],
            "frutas_transform":[[-50,-65],[-60,-50],[-50,-50]],
            "receta_home":[
                "/img/recetas_home/fresa2.png",
                "/img/recetas_home/fresa3.png",
                "/img/recetas_home/fresa4.png"
            ],
            "receta_home_pos":[[15,40],[70,60],[45,85]],
            "receta_home_transform":[[-50,-65],[-60,-50],[-50,-50]],
            "frutas_receta":[
                "/img/frutas_receta/fresa1.png",
                "/img/frutas_receta/fresa2.png",
                "/img/frutas_receta/fresa3.png"
            ],
            "frutas_receta_pos":[[10,10],[10,10],[10,10]],
            "frutas_receta_transform":[[0,0],[0,0],[0,0]]
        },
        "pina":{
            "frutas":[
                "/img/frutas/pina1.png",
                "/img/frutas/pina2.png",
                "/img/frutas/pina3.png"
            ],
            "frutas_pos":[[70,0],[0,65],[120,95]],
            "frutas_transform":[[-50,-70],[-60,-50],[-50,-50]],
            "receta_home":[
                "/img/recetas_home/pina2.png",
                "/img/recetas_home/pina3.png",
                "/img/recetas_home/pina4.png"
            ],
            "receta_home_pos":[[65,0],[10,80],[90,95]],
            "receta_home_transform":[[-40,-50],[-50,-50],[-50,-50]],
            "frutas_receta":[
                "/img/frutas_receta/pina1.png",
                "/img/frutas_receta/pina2.png",
                "/img/frutas_receta/pina3.png"
            ],
            "frutas_receta_pos":[[10,10],[10,10],[10,10]],
            "frutas_receta_transform":[[0,0],[0,0],[0,0]]
        },
        "manzana":{
            "frutas":[
                "/img/frutas/manzana1.png",
                "/img/frutas/manzana2.png",
                "/img/frutas/manzana3.png"
            ],
            "frutas_pos":[[70,0],[0,90],[100,90]],
            "frutas_transform":[[-50,-50],[-60,-50],[-50,-50]],
            "receta_home":[
                "/img/recetas_home/manzana2.png",
                "/img/recetas_home/manzana3.png",
                "/img/recetas_home/manzana4.png"
            ],
            "receta_home_pos":[[80,10],[10,20],[85,65]],
            "receta_home_transform":[[-50,-50],[-50,-50],[-50,-50]],
            "frutas_receta":[
                "/img/frutas_receta/manzana1.png",
                "/img/frutas_receta/manzana2.png",
                "/img/frutas_receta/manzana3.png"
            ],
            "frutas_receta_pos":[[10,10],[10,10],[10,10]],
            "frutas_receta_transform":[[0,0],[0,0],[0,0]]
        },
        "pina_colada":{
            "frutas":[
                "/img/frutas/pinacolada1.png",
                "/img/frutas/pinacolada2.png",
                "/img/frutas/pinacolada3.png"
            ],
            "frutas_pos":[[50,0],[0,90],[100,95]],
            "frutas_transform":[[-50,-50],[-60,-50],[-50,-50]],
            "receta_home":[
                "/img/recetas_home/pinacolada2.png",
                "/img/recetas_home/pinacolada3.png",
                "/img/recetas_home/pinacolada4.png"
            ],
            "receta_home_pos":[[80,20],[90,60],[25,85]],
            "receta_home_transform":[[-50,-50],[-50,-50],[-50,-50]],
            "frutas_receta":[
                "/img/frutas_receta/pinacolada1.png",
                "/img/frutas_receta/pinacolada2.png",
                "/img/frutas_receta/pinacolada3.png"
            ],
            "frutas_receta_pos":[[10,10],[10,10],[10,10]],
            "frutas_receta_transform":[[0,0],[0,0],[0,0]]
        },
        "horchata":{
            "frutas":[
                "/img/frutas/horchata1.png",
                "/img/frutas/horchata2.png",
                "/img/frutas/horchata3.png"
            ],
            "frutas_pos":[[75,5],[10,75],[115,90]],
            "frutas_transform":[[-50,-50],[-50,-50],[-50,-50]],
            "receta_home":[
                "/img/recetas_home/horchata2.png",
                "/img/recetas_home/horchata3.png",
                "/img/recetas_home/horchata4.png"
            ],
            "receta_home_pos":[[80,15],[20,70],[110,110]],
            "receta_home_transform":[[-50,-100],[-50,-50],[-50,-50]],
            "frutas_receta":[
                "/img/frutas_receta/horchata1.png",
                "/img/frutas_receta/horchata2.png",
                "/img/frutas_receta/horchata3.png"
            ],
            "frutas_receta_pos":[[10,10],[10,10],[10,10]],
            "frutas_receta_transform":[[0,0],[0,0],[0,0]]
        },
        "jamaica":{
            "frutas":[
                "/img/frutas/jamaica1.png",
                "/img/frutas/jamaica2.png",
                "/img/frutas/jamaica3.png"
            ],
            "frutas_pos":[[90,15],[0,50],[100,85]],
            "frutas_transform":[[-50,-65],[-50,-50],[-50,-50]],
            "receta_home":[
                "/img/recetas_home/jamaica2.png",
                "/img/recetas_home/jamaica3.png",
                "/img/recetas_home/jamaica4.png"
            ],
            "receta_home_pos":[[80,0],[15,30],[85,30]],
            "receta_home_transform":[[-50,-100],[-50,-50],[-50,-50]],
            "frutas_receta":[
                "/img/frutas_receta/jamaica1.png",
                "/img/frutas_receta/jamaica2.png",
                "/img/frutas_receta/jamaica3.png"
            ],
            "frutas_receta_pos":[[10,10],[10,10],[10,10]],
            "frutas_receta_transform":[[0,0],[0,0],[0,0]]
        },
        "te_negro_limon":{
            "frutas":[
                "/img/frutas/telimon1.png",
                "/img/frutas/telimon2.png",
                "/img/frutas/telimon3.png"
            ],
            "frutas_pos":[[90,0],[0,45],[35,98]],
            "frutas_transform":[[-50,-40],[-28,-50],[-50,-50]],
            "receta_home":[
                "/img/recetas_home/telimon2.png",
                "/img/recetas_home/telimon3.png",
                "/img/recetas_home/telimon4.png"
            ],
            "receta_home_pos":[[25,5],[25,75],[62,70]],
            "receta_home_transform":[[-50,-50],[-50,-50],[-50,-50]],
            "frutas_receta":[
                "/img/frutas_receta/telimon1.png",
                "/img/frutas_receta/telimon2.png",
                "/img/frutas_receta/telimon3.png"
            ],
            "frutas_receta_pos":[[10,10],[10,10],[10,10]],
            "frutas_receta_transform":[[0,0],[0,0],[0,0]]
        },
        "te_negro_frutos":{
            "frutas":[
                "/img/frutas/frutos1.png",
                "/img/frutas/frutos2.png",
                "/img/frutas/frutos3.png"
            ],
            "frutas_pos":[[80,0],[0,30],[80,80]],
            "frutas_transform":[[-50,-40],[-30,-50],[-50,-50]],
            "receta_home":[
                "/img/recetas_home/frutos2.png",
                "/img/recetas_home/frutos3.png",
                "/img/recetas_home/frutos4.png"
            ],
            "receta_home_pos":[[30,0],[70,70],[32,80]],
            "receta_home_transform":[[-50,-50],[-50,-50],[-50,-50]],
            "frutas_receta":[
                "/img/frutas_receta/frutos1.png",
                "/img/frutas_receta/frutos2.png",
                "/img/frutas_receta/frutos3.png"
            ],
            "frutas_receta_pos":[[10,10],[10,10],[10,10]],
            "frutas_receta_transform":[[0,0],[0,0],[0,0]]
        },
        "limonada":{
            "frutas":[
                "/img/frutas/limonada1.png",
                "/img/frutas/limonada2.png",
                "/img/frutas/limonada3.png"
            ],
            "frutas_pos":[[80,0],[0,30],[100,100]],
            "frutas_transform":[[-50,-50],[-50,-50],[-50,-50]],
            "receta_home":[
                "/img/recetas_home/limonada2.png",
                "/img/recetas_home/limonada3.png",
                "/img/recetas_home/limonada4.png"
            ],
            "receta_home_pos":[[95,15],[10,40],[30,75]],
            "receta_home_transform":[[-50,-50],[-50,-50],[-50,-50]],
            "frutas_receta":[
                "/img/frutas_receta/limonada1.png",
                "/img/frutas_receta/limonada2.png",
                "/img/frutas_receta/limonada3.png"
            ],
            "frutas_receta_pos":[[10,10],[10,10],[10,10]],
            "frutas_receta_transform":[[0,0],[0,0],[0,0]]
        },
        "fresadamix":{
            "frutas":[
                "/img/frutas/fresada1.png",
                "/img/frutas/fresada2.png",
                "/img/frutas/fresada3.png"
            ],
            "frutas_pos":[[80,5],[10,80],[100,85]],
            "frutas_transform":[[-50,-65],[-60,-50],[-50,-50]],
            "receta_home":[
                "/img/recetas_home/fresada2.png",
                "/img/recetas_home/fresada3.png",
                "/img/recetas_home/fresada4.png"
            ],
            "receta_home_pos":[[20,0],[15,30],[80,75]],
            "receta_home_transform":[[-50,-65],[-60,-50],[-50,-50]],
            "frutas_receta":[
                "/img/frutas_receta/fresada1.png",
                "/img/frutas_receta/fresada2.png",
                "/img/frutas_receta/fresada3.png"
            ],
            "frutas_receta_pos":[[10,10],[10,10],[10,10]],
            "frutas_receta_transform":[[0,0],[0,0],[0,0]]
        },
        "naranjada":{
            "frutas":[
                "/img/frutas/naranjada1.png",
                "/img/frutas/naranjada2.png",
                "/img/frutas/naranjada3.png"
            ],
            "frutas_pos":[[80,0],[0,85],[90,100]],
            "frutas_transform":[[-50,-70],[0,-50],[-50,-50]],
            "receta_home":[
                "/img/recetas_home/naranjada2.png",
                "/img/recetas_home/naranjada3.png",
                "/img/recetas_home/naranjada4.png"
            ],
            "receta_home_pos":[[26,40],[10,60],[73,55]],
            "receta_home_transform":[[-50,-50],[-50,-50],[-50,-50]],
            "frutas_receta":[
                "/img/frutas_receta/naranjada1.png",
                "/img/frutas_receta/naranjada2.png",
                "/img/frutas_receta/naranjada3.png"
            ],
            "frutas_receta_pos":[[10,10],[10,10],[10,10]],
            "frutas_receta_transform":[[0,0],[0,0],[0,0]]
        },
        "pinada":{
            "frutas":[
                "/img/frutas/pinada1.png",
                "/img/frutas/pinada2.png",
                "/img/frutas/pinada3.png"
            ],
            "frutas_pos":[[80,5],[0,80],[90,105]],
            "frutas_transform":[[-50,-50],[-50,-50],[-50,-50]],
            "receta_home":[
                "/img/recetas_home/pinada2.png",
                "/img/recetas_home/pinada3.png",
                "/img/recetas_home/pinada4.png"
            ],
            "receta_home_pos":[[70,40],[25,60],[75,75]],
            "receta_home_transform":[[-50,-50],[-50,-50],[-50,-50]],
            "frutas_receta":[
                "/img/frutas_receta/pinada1.png",
                "/img/frutas_receta/pinada2.png",
                "/img/frutas_receta/pinada3.png"
            ],
            "frutas_receta_pos":[[10,10],[10,10],[10,10]],
            "frutas_receta_transform":[[0,0],[0,0],[0,0]]
        }
    }
}